{
    "RMSE": 8243.503973813784,
    "MAE": 5749.0160413520925,
    "R2": 0.9650240530089602
}